date,type,subtype,duration,mhr,xhr,ahr
2026-07-18,Cardio,,,,,
2026-07-24,Weights,Upper Body,30,,,
2026-07-24,Cardio,Cardio5,16,90,120,115
2026-07-25,Yard,Mowing,30,,,
2026-08-08,Yard,Mowing,43,87,113,99
2026-08-09,Sports,Golf,30,97,210,116
2026-08-10,Stretch,Hinge Bob,15,,,
2026-08-11,Walk,Work,17,83,118,97
2026-08-12,Walk,Work,15,74,115,95
2026-08-15,Sports,Golf,120,,,
2026-08-17,Weights,Dumbbells/Joy,15,,,
2026-08-18,Walk,Work,17,77,104,91
2026-08-18,Walk,Work,16,58,117,95
2026-08-19,Cardio,Cardio5,15,77,199,114
2026-08-19,Weights,Dumbbells/Joy,15,,,
2026-08-20,Walk,Work,17,76,113,95
2026-08-22,Yard,Mowing,42,50,118,105
2026-08-23,Sports,Golf,32,65,125,113
2026-08-25,Walk,Work,17,68,120,92
2026-08-25,Walk,Work,18,65,116,99
